numero,denominacion,direccion,localidad_barrio,municipio,estado_actual,CARACTERISTICAS,clasificacion,COORDENADAS,sup_estimada_predio,sup_afectada,Vol (m3)  JUN-10,Vol (m3)  JUL-10,ESTADO DE OBRA,FECHA DE INICIO,FECHA DE FINALIZACION,DISPOSICION FINAL,OBSERVACION,TIPO DE RESIDUO,Urbanos  (%),Peligrosos (%),Poda  (%),Patogénicos (%),Escombros (%),categoria,partido,location,semaforo_riesgo,id,erradicado
1,Molinos,Ameghino sigue como Pelegrini y costa del Riachuelo.,Avellaneda,Avellaneda,4250.12 toneladas retiradas,ERREDICADO,No consolidado,34º 39' 16'' S  58º 22' 06'' W,700,25,2,0,FINALIZADO,12/2/2008,1/23/2009,CELDAS DE SEGURIDAD SEGÚN PLIEGO DE LIC. Nº 12/07 EXP. 3299/07,El Sitio se encuenbtra con mantenimiento por parte del Municipio,RSU,,,,,,BASURALES ERRADICADOS - ESPACIOS RECUPERADOS,Avellaneda,-34.654444444444444 -58.36833333333333,0,0,
2,Santa Catalina A,Ruta Pcial Nº 4 interseccion Av Elizalde,Barrio 9 de Abril,Esteban Echeverría,31962.37 toneladas retiradas,ERREDICADO,Consolidado,34º 46' 30'' S  58º 27' 56'' W,50000,0,0,0,FINALIZADO,12/6/2008,8/5/2009,CELDAS DE SEGURIDAD SEGÚN PLIEGO DE LIC. Nº 12/07 EXP. 3299/07,El sitio se encuentrta custodiado las 24 hs,RSU,,,,,,BASURALES ERRADICADOS - ESPACIOS RECUPERADOS,Esteban Echeverría,-34.775 -58.465555555555554,0,1,
3,Santa Catalina B,M. Paz 1900,Barrio 9 de Abril,Esteban Echeverría,353.7 toneladas retiradas,ERREDICADO,Consolidado con asentamiento,34º 45' 50'' S  58º 28' 25'' W,12000,20,10,5,FINALIZADO,7/8/2009,7/29/2009,CELDAS DE SEGURIDAD SEGÚN PLIEGO DE LIC. Nº 12/07 EXP. 3299/07,El Sitio se encuenbtra con mantenimiento por parte del Municipio,RSU,,,,,,BASURALES ERRADICADOS - ESPACIOS RECUPERADOS,Esteban Echeverría,-34.763888888888886 -58.47361111111111,0,2,1
4,Ruta Pcial. 21 B,"Antartida Argentina y Ruta Pcial 21,  margen del Aº Don Mario",Isidro Casanova,La Matanza,22.78 toneladas retiradas,ERREDICADO,Consolidado,34º 44' 18'' S  58º 33' 48'' W,2000,0,0,0,FINALIZADO,10/13/2009,10/25/2009,CELDAS DE SEGURIDAD SEGÚN PLIEGO DE LIC. Nº 12/07 EXP. 3299/07,Predio custodiado con emplazamientop de obra de Planta de Bobeo- AySA,RSU,,,,,,BASURALES ERRADICADOS - ESPACIOS RECUPERADOS,La Matanza,-34.73833333333333 -58.56333333333333,0,3,
5,Don Juan B,Tuyu intersección Recuero,G. de la Laferrere,La Matanza,93 toneladas retiradas,ERREDICADO,No consolidado con asentamiento,34º 46' 06'' S  58º 34' 14'' W,3000,15,1,0,FINALIZADO,9/30/2009,10/6/2009,CELDAS DE SEGURIDAD SEGÚN PLIEGO DE LIC. Nº 12/07 EXP. 3299/07,El Sitio se encuenbtra con mantenimiento por parte del Municipio,RSU,,,,,,BASURALES ERRADICADOS - ESPACIOS RECUPERADOS,La Matanza,-34.76833333333333 -58.57055555555556,0,4,
6,San Cayetano A,Tuyu intersección Russo,Gonzales Catán,La Matanza,67.04 toneladas retiradas,CON ARROJO,No consolidado con asentamiento,34º 46' 34'' S  58º 35' 16'' W,6000,20,15,5,FINALIZADO,9/22/2009,9/23/2009,CELDAS DE SEGURIDAD SEGÚN PLIEGO DE LIC. Nº 12/07 EXP. 3299/07,El Sitio se encuenbtra con mantenimiento por parte del Municipio,RSU,,,,,,BASURALES ERRADICADOS - ESPACIOS RECUPERADOS,La Matanza,-34.77611111111111 -58.58777777777778,0,5,
7,San Cayetano B,Tuyu intersección Russo,Gonzales Catán,La Matanza,20.42 toneladas retiradas,ERREDICADO,No consolidado con asentamiento,34º 46' 39'' S  58º 35' 21'' W,4000,5,1,0,FINALIZADO,9/24/2009,9/25/2009,CELDAS DE SEGURIDAD SEGÚN PLIEGO DE LIC. Nº 12/07 EXP. 3299/07,El Sitio se encuenbtra con mantenimiento por parte del Municipio,RSU,,,,,,BASURALES ERRADICADOS - ESPACIOS RECUPERADOS,La Matanza,-34.7775 -58.589166666666664,0,6,
8,Calderón de la Barca IV A (foco 5),Calle San Matías s/n,González Catán,La Matanza,1976.94 toneladas retiradas,ERREDICADO,Consolidado,34º 44' 16'' S  58º 38' 27'' W,10000,30,1,0,FINALIZADO,2/18/2009,4/1/2009,CELDAS DE SEGURIDAD SEGÚN PLIEGO DE LIC. Nº 12/07 EXP. 3299/07,Predio Privado y cercado,RSU,,,,,,BASURALES ERRADICADOS - ESPACIOS RECUPERADOS,La Matanza,-34.73777777777778 -58.64083333333333,0,7,
9,Calderón de la barca IV B (Foco7-8),Calle San Matías s/n,Gonzales Catán,La Matanza,1281.62 toneladas retiradas,ERREDICADO,Consolidado,34º 44' 03'' S  58º 38' 44'' W,10000,30,1,0,FINALIZADO,8/20/2009,9/16/2009,CELDAS DE SEGURIDAD SEGÚN PLIEGO DE LIC. Nº 12/07 EXP. 3299/07,Predio Privado y cercado,RSU,,,,,,BASURALES ERRADICADOS - ESPACIOS RECUPERADOS,La Matanza,-34.73416666666667 -58.64555555555555,0,8,
10,Rooselvet A,Sobre la Calle  San Martín y su continuación  f. D. Roosevelt,Villa Madero,La Matanza,149.47 toneladas retiradas,ERREDICADO,Consolidado,34º 42' 02'' S  58º 28' 56'' W,500,0,0,1,FINALIZADO,1/22/2009,2/7/2009,CELDAS DE SEGURIDAD SEGÚN PLIEGO DE LIC. Nº 12/07 EXP. 3299/07,Predio Privado y cercado con construccion civil,RSU,,,,,,BASURALES ERRADICADOS - ESPACIOS RECUPERADOS,La Matanza,-34.70055555555555 -58.48222222222222,0,9,
11,Rooselvet B,Sobre la Calle  San Martín y su continuación  f. D. Roosevelt,Villa Madero,La Matanza,4196.49 toneladas retiradas,CON ARROJO,Consolidado,34º 42' 10'' S  58º 29' 09'' W,12000,40,5,7,FINALIZADO,12/22/2008,2/16/2009,CELDAS DE SEGURIDAD SEGÚN PLIEGO DE LIC. Nº 12/07 EXP. 3299/07,El Sitio se encuenbtra con mantenimiento por parte del Municipio,RSU,,,,,,BASURALES ERRADICADOS - ESPACIOS RECUPERADOS,La Matanza,-34.702777777777776 -58.48583333333333,0,10,
12,Barrio San Martin,Av. San Martin entre Salcedo y Sargento Cabral,Lomas del Mirador,La Matanza,70 toneladas retiradas,ERRADICADO,No consolidado,,5000,0,0,0,FINALIZADO,11/13/2008,3/14/2009,Relleno Sanitario,El Sitio se encuenbtra con mantenimiento por parte del Municipio,RSU,,,,,,BASURALES ERRADICADOS - ESPACIOS RECUPERADOS,La Matanza,,0,11,
13,Monte Chingolo,"Gral Pinto y Cnl Chilavert, a metros de la estación Chingolo",Monte Chingolo,Lanús,95 toneladas retiradas,ERRADICADO,No consolidado,34º 43' 55'' S  58º 20' 59'' W,4000,0,0,0,FINALIZADO,11/13/2008,2/8/2009,Relleno Sanitario,El Sitio se encuenbtra con mantenimiento por parte del Municipio,RSU,,,,,,BASURALES ERRADICADOS - ESPACIOS RECUPERADOS,Lanús,-34.731944444444444 -58.34972222222222,0,12,
14,Camino de La Ribera Sur,Camino de la Ribera Sur  interseccion Hornos,Fiorito-Caraza,Lomas / Lanus,7176.54 toneladas retiradas,LIMPIEZA DE MARGENES,Consolidado,"34º 41' 24,61'' S  58º 26' 50,80'' W",8000,6000,1,10,EN PROCESO DE  MANTENIMIENTO,6/26/2009,en ejecucion,CELDAS DE SEGURIDAD SEGÚN PLIEGO DE LIC. Nº 12/07 EXP. 3299/07,Se intervino en una primera etapa dentro el pliego N| 12/07 para retiro de residuos peligrosos.Dentro de la segunda etapa se encuentra saneado con Cooperatovas de AySA retirando R.S.U. Con disposicion final en Relleno Sanitario,RSU,,,,,,BASURALES ERRADICADOS - ESPACIOS RECUPERADOS,,-34.69016944444444 -58.44744444444444,0,13,1
15,El Santuario,Calle Gaspar Nuñez de Arce y Recondo,Villa Fiorito,Lomas de Zamora,"19,276,60 toneladas retiradas",CON ARROJO,Consolidado,"34º 42' 52,08'' S  58º 26' 50,02'' W",30000,150,40,0,FINALIZADO,7/12/2008,11/6/2008,Relleno Sanitario,El Sitio se encuenbtra con mantenimiento por parte del Municipio,RSU,,,,,,BASURALES ERRADICADOS - ESPACIOS RECUPERADOS,Lomas de Zamora,-34.71446666666667 -58.447227777777776,0,14,
16,Barrio Arzeno,Av. Monte Verde y calle Prieto,Adrogue,Almirante Brown,Sin residuos de vuelco contenido con ecopunto,ERRADICADO,Consolidado,-34.827267 -58.418428,10000,0,0,0,FINALIZADO,7/16/2009,12/20/2009,Relleno Sanitario,SANEADO POR EL MUNICIPIO SE ENCUENTRRA EN PROCESO DE MANTENIMIENTO-. El sitio se encuentrta con ECOPUNTO y custodia las 24 hs,RSU,,,,,,BASURALES ERRADICADOS - ESPACIOS RECUPERADOS,Almirante Brown,-34.827267 -58.418428,0,15,
17,Barrio San Jose A,El Picaflor y Bouchard,Barrio San Jose,Almirante Brown,En proceso de limpieza por parte del municipio,ESTATICO   INCLUIDO EN EL PLAN DE LIMPIEZA DE MICRO BASURALES EXP. Nº 582/09,Consolidado con asentamiento,"34º 46' 24,85'' S  58º 20' 17,59'' W",15000,15000,0,0,FINALIZADO,7/16/2009,12/20/2009,Relleno Sanitario,SANEADO POR EL MUNICIPIO SE ENCUENTRRA EN PROCESO DE MANTENIMIENTO-. El sitio se encuentrta con ECOPUNTO y custodia las 24 hs,RSU,,,,,,BASURALES ERRADICADOS - ESPACIOS RECUPERADOS,Almirante Brown,-34.77356944444445 -58.33821944444445,0,16,
18,Aº del Rey I,Monteverde entre Prieto y Algarrobo,Burzaco,Almirante Brown,Ubicado sobre la banquina ruta 4,DINAMICO   INCLUIDO EN EL PLAN DE LIMPIEZA DE MICRO BASURALES EXP. Nº 582/09,No consolidado,"34º49'37,22"" S 58º25'11,60"" O",20000,1500,0,0,FINALIZADO,7/16/2009,12/20/2009,Relleno Sanitario,ERRADICADO,RSU,,,,,,BASURALES ERRADICADOS - ESPACIOS RECUPERADOS,Almirante Brown,-34.82700555555556 -58.41988888888889,0,17,
19,Arroyo Ortega II,Dolores y Delorenzi,Monte Grande,Esteban Echeverría,Activo-,ERRADICADO,No consolidado,"34º51'17,06"" S 58º28'08,40"" O",100,100,0,0,FINALIZADO,5/21/2010,6/8/2010,Relleno Sanitario,SANEADO SE ENCUENTRRA EN PROCESO DE MANTENIMIENTO-,RSU,,,,,,BASURALES ERRADICADOS - ESPACIOS RECUPERADOS,Esteban Echeverría,-34.85473888888889 -58.469,0,18,
20,Camino Real,Camino Real interseccion Garcia Fernandez,Ezeiza,Ezeiza,Ubicado sobre predio privado y via publica,ACTIVO NO CONSOLIDADO,No consolidado,"34º48'06,98""S  58º33'47,13""O",700,700,0,0,MANTENIMIENTO,-0,-0,Relleno Sanitario,SANEADO SE ENCUENTRRA EN PROCESO DE MANTENIMIENTO-,RSU,,,,,,BASURALES ERRADICADOS - ESPACIOS RECUPERADOS,Ezeiza,-34.80193888888889 -58.563091666666665,0,19,
8,Ministro Rivadavia I,Rinaldi y 25 de Mayo,Claypole,Almirante Brown,Volumen dinamico el predio se encuentra semi cercado,DINAMICO  INCLUIDO EN EL PLAN DE LIMPIEZA DE MICRO BASURALES EXP. Nº 582/09,No consolidado,"34º49'25,33""S 58º20'17,98""O",2500,2000,20,30,,,,,SANEADO POR EL MUNICIPIO SE ENCUENTRRA EN PROCESO DE MANTENIMIENTO-,,40,0,0,0,60,BASURALES SANEADOS CON MANTENIMIENTO,Almirante Brown,-34.823702777777775 -58.33832777777778,0,60,
9,Don Orione,RPN 4 interseccion Zelaya,Don Orione,Almirante Brown,Predio privado,ACTIVO-DINAMICO,No consolidado,"34º49'11,52"" S 58º21'27,61"" O",2500,2000,80,10,,,,,SANEADO POR EL MUNICIPIO SE ENCUENTRRA EN PROCESO DE MANTENIMIENTO-,,80,0,20,0,0,BASURALES SANEADOS CON MANTENIMIENTO,Almirante Brown,-34.81986666666667 -58.35766944444445,0,61,
10,Cementerio,R. Calzada interseccion H. Primo,Claypole,Almirante Brown,Ubicado lindero a las vias del ferrocarril.,ACTIVO-DINAMICO,No consolidado,"34º47'56,95"" S 58º20'49,11"" O",250,200,60,10,,,,,SANEADO POR EL MUNICIPIO SE ENCUENTRRA EN PROCESO DE MANTENIMIENTO- El sitio se encuentrta con ECOPUNTO y custodia las 24 hs,,80,0,20,0,0,BASURALES SANEADOS CON MANTENIMIENTO,Almirante Brown,-34.79915277777778 -58.346975,0,62,
11,Acceso Sudeste  1,Gongora y Autopista Bs. As.-La Plata,Dock Sud,Avellaneda,Ubicado bajo la autopista,ACTIVO-DINAMICO,No consolidado,"34º39'27,38""S 58º21'00,46""O",2500,250,20,3,,,,,SANEADO POR EL MUNICIPIO SE ENCUENTRRA EN PROCESO DE MANTENIMIENTO-,,15,0,0,0,85,BASURALES SANEADOS CON MANTENIMIENTO,Avellaneda,-34.657605555555556 -58.35012777777778,0,63,
12,Acceso Sudeste  2,25 de mayo y Autopista Bs. As. La Plata,Dock Sud,Avellaneda,Ubicado bajo la autopista,ACTIVO-DINAMICO,No consolidado,"34º39'36,65""S 58º20'54,11""O",2500,250,6,2,,,,,SANEADO POR EL MUNICIPIO SE ENCUENTRRA EN PROCESO DE MANTENIMIENTO-,,50,0,20,0,30,BASURALES SANEADOS CON MANTENIMIENTO,Avellaneda,-34.660180555555556 -58.34836388888889,0,64,
13,Baliza Chiriguano,Baliza chiriguano y Villegas,Monte Grande,Esteban Echeverría,Activo ubicado en zona rural,INCLUIDO EN EL PLAN DE LIMPIEZA DE MICRO BASURALES EXP. Nº 580/09,No consolidado,"34º51'16,14"" S 58º27'49,41"" O",150,100,2,0,,,,,SANEADO SE ENCUENTRRA EN PROCESO DE MANTENIMIENTO-,,0,0,0,0,0,BASURALES SANEADOS CON MANTENIMIENTO,Esteban Echeverría,-34.854483333333334 -58.463725,0,65,1
14,Amat,Moreno entre calles Alvear y Amat,Monte Grande,Esteban Echeverría,Ubicado en la via publica,ACTIVO   INCLUIDO EN EL PLAN DE LIMPIEZA DE MICRO BASURALES EXP. Nº 580/09,No consolidado,"34º49'0,67""S 58º27'19,97""O",3000,3000,0,25,,,,,SANEADO SE ENCUENTRRA EN PROCESO DE MANTENIMIENTO-,,0,0,0,0,0,BASURALES SANEADOS CON MANTENIMIENTO,Esteban Echeverría,-34.816852777777775 -58.45554722222222,0,66,
15,Barrio Parque La Celia,Calle La Atomica interseccion del Rio Matanza,Ezeiza,Ezeiza,Ubicado sobre predio privado y via publica,ACTIVO NO CONSOLIDADO,No consolidado,"34º48'43,18""S  58º36'12,32""O",800,800,5,5,,,,,SANEADO SE ENCUENTRRA EN PROCESO DE MANTENIMIENTO-,,5,0,35,0,60,BASURALES SANEADOS CON MANTENIMIENTO,Ezeiza,-34.811994444444444 -58.60342222222222,0,67,
16,Cristiania,Cristiania entre Ruta 21 y Alelis,I. Casanova,La Matanza,"Ubicado entre la poblacion con alta incidencia a la misma, via publica",ACTIVO NO CONSOLIDADO,No consolidado,"34º43'42,89"" S 58º33'36,35"" O",1000,700,100,80,,,,,SANEADO SE ENCUENTRRA EN PROCESO DE MANTENIMIENTO-,,100,0,0,0,0,BASURALES SANEADOS CON MANTENIMIENTO,La Matanza,-34.72858055555555 -58.560097222222225,0,68,
17,Rotonda Querandí,El Hornero y El Pindo (plano 121),Barrio Roggio,La Matanza,Microbasural sobre via publica con conservacion periodica  del municipio,DINAMICO,No consolidado,"34º 43' 18,12S  58º 32' 12,55'' W",4000,1000,100,10,,,,,SANEADO SE ENCUENTRRA EN PROCESO DE MANTENIMIENTO-,,100,0,0,0,0,BASURALES SANEADOS CON MANTENIMIENTO,La Matanza,-34.7217 -58.53681944444445,0,69,
18,El Vesubio,Ruta 4 altura entrada Ciudad Evita,Ciudad Evita,La Matanza,Dinamico,INCLUIDO EN EL PLAN DE LIMPIEZA DE MICRO BASURALES EXP. Nº 579/09,No consolidado,"34º43'2,02""S 58º31'8,78""O",20000,300,15,15,,,,,SANEADO SE ENCUENTRRA EN PROCESO DE MANTENIMIENTO-,,100,0,0,0,0,BASURALES SANEADOS CON MANTENIMIENTO,La Matanza,-34.71722777777778 -58.519105555555555,0,70,
19,Virrey del Pino,Calle s/n entre Urien y  Cipolletti,Virrey del Pino,La Matanza,Ubicado sobre margenes del rio matanza y curso de agua,DINAMICO   INCLUIDO EN EL PLAN DE LIMPIEZA DE MICRO BASURALES EXP. Nº 579/09,No consolidado con asentamiento,34º50' 53.01''S   58º 37'47.43''W,700,700,0,0,,,,,SANEADO SE ENCUENTRRA EN PROCESO DE MANTENIMIENTO-,,0,0,0,0,0,BASURALES SANEADOS CON MANTENIMIENTO,La Matanza,-34.848058333333334 -58.629841666666664,0,71,
20,Barrio Roggio I,Calle Pindo e Intendente Crovara,Ciudad Evita,La Matanza,"Microbasural dinamico, formado por los vecinos de la zona, donde se encuetran  situados  canastos que se ven saturados por no ser debidamente vaciados por el servicio de recoleccion del municipio.",DINAMICO / ESTATICO  INCLUIDO EN EL PLAN DE LIMPIEZA DE MICRO BASURALES EXP. Nº 579/09,No consolidado,34º 42' 40'' S  58º 33' 23'' W,4000,4000,50,20,,,,,SANEADO SE ENCUENTRRA EN PROCESO DE MANTENIMIENTO-,,0,0,0,0,0,BASURALES SANEADOS CON MANTENIMIENTO,La Matanza,-34.71111111111111 -58.55638888888889,0,72,1
21,Bº Costa Azul,Conde entre Equiza y Rio Matanza,Isidro casanova,La Matanza,Estatico con asentamientos,INCLUIDO EN EL PLAN DE LIMPIEZA DE MICRO BASURALES EXP. Nº 579/09,No consolidado,"34º48'3,79""S 58º36'14,61""O",160000,160000,2,30,,,,,SANEADO SE ENCUENTRRA EN PROCESO DE MANTENIMIENTO-,,0,0,0,0,0,BASURALES SANEADOS CON MANTENIMIENTO,La Matanza,-34.80105277777778 -58.604058333333334,0,73,
22,Venezuela,Venezuela interseccion  Rucci,I. Casanova,La Matanza,Predio privado,DINAMICO,No consolidado,"34º41'22,24"" S 58º35'54,90"" O",5000,2500,20,6,,,,,SANEADO SE ENCUENTRRA EN PROCESO DE MANTENIMIENTO-,,70,0,30,0,0,BASURALES SANEADOS CON MANTENIMIENTO,La Matanza,-34.68951111111111 -58.59858333333333,0,74,1
23,Boulevard de los Italianos,B. de los entre Maure y Con. Gral. Belgrano,Monte Chingolo,Lanus,Los residuos se encuentra dispersos sobre la via publica,INCLUIDO EN EL PLAN DE LIMPIEZA DE MICRO BASURALES EXP. Nº 578/09,No consolidado,"34º42'56,34""S 58º20'55,16""O",5000,2500,15,0,,,,,SANEADO SE ENCUENTRRA EN PROCESO DE MANTENIMIENTO-,,0,0,0,0,0,BASURALES SANEADOS CON MANTENIMIENTO,Lanús,-34.71565 -58.34865555555555,0,75,
24,Magan,Magan y Bustamante,Lanus,Lanus,Los residuos se encuentra dispersos sobre la via publica,INCLUIDO EN EL PLAN DE LIMPIEZA DE MICRO BASURALES EXP. Nº 578/09,No consolidado,"34º41'57,01""S 58º22'04,27""O",250,250,2,60,,,,,SANEADO SE ENCUENTRRA EN PROCESO DE MANTENIMIENTO-,,40,0,60,0,0,BASURALES SANEADOS CON MANTENIMIENTO,Lanús,-34.69916944444444 -58.36785277777778,0,76,
25,Lynch,Cnel. Lynch entre D. Purita y P. Groussac,Monte Chingolo,Lanus,Ubicado en predio y via publica cercano a las viviendas,INCLUIDO EN EL PLAN DE LIMPIEZA DE MICRO BASURALES EXP. Nº 578/09,No consolidado,"34º44'24,03""S 58º21'15,84""O",2500,1500,2,37,,,,,SANEADO SE ENCUENTRRA EN PROCESO DE MANTENIMIENTO-,,0,0,0,0,0,BASURALES SANEADOS CON MANTENIMIENTO,Lanús,-34.740008333333336 -58.3544,0,77,1
26,Basural Pampa y la Via,Vias del Ferroc. Belgrano Sur entre Pampa y Jeanjaures,Valentín Alsina,Lanus,"Ubicado entre la poblacion con alta incidencia a la misma, sobre las vias del ferrocarril",DINAMICO   INCLUIDO EN EL PLAN DE LIMPIEZA DE MICRO BASURALES EXP. Nº 578/09,No consolidado,"34º40'03.48""S 58º25'07.27""O",500,500,60,30,,,,,SANEADO SE ENCUENTRRA EN PROCESO DE MANTENIMIENTO-,,0,0,0,0,0,BASURALES SANEADOS CON MANTENIMIENTO,Lanús,-34.667633333333335 -58.418686111111114,0,78,1
27,Donato Alvarez,Calle Bolaños entre Peña y Donato Alvarez,Monte Chingolo,Lanús,"Microbasural ubicado entre la poblacion con alta incidencia a la misma, via publica",ACTIVO   INCLUIDO EN EL PLAN DE LIMPIEZA DE MICRO BASURALES EXP. Nº 578/09,No consolidado,"34º 42' 44,33'' S  58º 21' 0818'' W",300,300,15,40,,,,,SANEADO POR EL MUNICIPIO SE ENCUENTRRA EN PROCESO DE MANTENIMIENTO-,,0,0,0,0,0,BASURALES SANEADOS CON MANTENIMIENTO,Lanús,-34.712313888888886 -58.577222222222225,0,79,1
21,Los Castaños,Juan XXIII y Los Castaños,Lavallol,Lomas de Zamora,"Ubicado entre la poblacion con alta incidencia a la misma, via publica",ERRADICADO,No consolidado,"34º 45' 48,84'' S  58º 25' 52,44'' O",600,350,0,0,FINALIZADO,5/11/2010,6/16/2010,Relleno Sanitario,SANEADO POR EL MUNICIPIO SE ENCUENTRRA EN PROCESO DE MANTENIMIENTO-,RSU,,,,,,BASURALES ERRADICADOS - ESPACIOS RECUPERADOS,Lomas de Zamora,-34.76356666666667 -58.43123333333333,0,20,
22,Juan XXIII,Juan XXIII entre Zanjon Mujica y Ruta 4,Sta. Catalina,Lomas de Zamora,Dinamico,ERRADICADO,No consolidado,"34º46'27,22""S 58º26'59,66""O",2500,2500,0,8,FINALIZADO,5/11/2010,6/16/2010,Relleno Sanitario,SANEADO POR EL MUNICIPIO SE ENCUENTRRA EN PROCESO DE MANTENIMIENTO-,RSU,,,,,,BASURALES ERRADICADOS - ESPACIOS RECUPERADOS,Lomas de Zamora,-34.774227777777774 -58.44990555555555,0,21,
23,Las Golondrinas,Las Golondrinas y Ravel,Temperley,Lomas de Zamora,Activo,"MICROBASURAL UBICADO ENTRE LA POBLACION CON ALTA INCIDENCIA A LA MISMA, VIA PUBLICA",Dinámico,"34º 46' 06,74"" S 58º21'56,44"" O",300,300,0,4,MANTENIMIENTO,5/11/2010,6/16/2010,Relleno Sanitario,SANEADO POR EL MUNICIPIO SE ENCUENTRRA EN PROCESO DE MANTENIMIENTO-,RSU,,,,,,BASURALES ERRADICADOS - ESPACIOS RECUPERADOS,Lomas de Zamora,-34.76853888888889 -58.365677777777776,0,22,
24,Bº Obrera,Posadas y Rodriguez,Lanus,Lanus,Libre de residuos,ERRADICADO,No consolidado,"34º42'54,56""S 58º21'35,28""O",150,0,0,0,FINALIZADO,4/12/2010,6/9/2010,Relleno Sanitario,SANEADO POR EL MUNICIPIO SE ENCUENTRRA EN PROCESO DE MANTENIMIENTO-,RSU,,,,,,BASURALES ERRADICADOS - ESPACIOS RECUPERADOS,Lanús,-34.715155555555555 -58.3598,0,23,
25,Pitagoras,Pitatogoras y Chilavert,Valentin alsina,Lanus,Los residuos se encuentra dispersos sobre la via publica,ERRADICADO,No consolidado,"34º43'44,48""S 58º21'02,14""O",150,50,0,0,FINALIZADO,4/12/2010,6/9/2010,Relleno Sanitario,SANEADO POR EL MUNICIPIO SE ENCUENTRRA EN PROCESO DE MANTENIMIENTO-,RSU,,,,,,BASURALES ERRADICADOS - ESPACIOS RECUPERADOS,Lanús,-34.72902222222222 -58.35059444444445,0,24,
26,Roma,Roma y posadas,Valentin alsina,Lanus,Ubicado en predio y via publica,INCLUIDO EN EL PLAN DE LIMPIEZA DE MICRO BASURALES EXP. Nº 578/09,No consolidado,"34º44'03,94""S 58º22'43,11""O",200,100000,0,0,FINALIZADO,4/12/2010,6/9/2010,Relleno Sanitario,SANEADO POR EL MUNICIPIO SE ENCUENTRRA EN PROCESO DE MANTENIMIENTO-,RSU,,,,,,BASURALES ERRADICADOS - ESPACIOS RECUPERADOS,Lanús,-34.734427777777775 -58.37864166666667,0,25,
27,Centenario,Centenario Uruguayo y Alzaga,Monte Chingolo,Lanus,Los residuos se encuentra dispersos sobre la via publica,INCLUIDO EN EL PLAN DE LIMPIEZA DE MICRO BASURALES EXP. Nº 578/09,No consolidado,"34º43'46,79""S 58º22'15,61""O",2500,150,0,0,MANTENIMIENTO,4/12/2010,6/9/2010,Relleno Sanitario,ERRADICADO,RSU,,,,,,BASURALES ERRADICADOS - ESPACIOS RECUPERADOS,Lanús,-34.729663888888886 -58.371002777777775,0,26,1
28,Ugarte A,Ugarte interseccion Sta. Maria de Oro,Castelar Sur,Moron,Ubicado en predio privado y via publica,ERRADICADO,Consolidado,"34º39'47,36""S 58º37'51,31"" O",2500,2500,0,1,FINALIZADO,5/7/2010,6/24/2010,Relleno Sanitario,SANEADO POR EL MUNICIPIO SE ENCUENTRRA EN PROCESO DE MANTENIMIENTO-,RSU,,,,,,BASURALES ERRADICADOS - ESPACIOS RECUPERADOS,Morón,-34.663155555555555 -58.630919444444444,0,27,
29,Guatemala,Guatemala entre Rivadavia y Oliden,V. Alsina,Lanus,"Ubicado entre la poblacion,  lindero con dos escuelas, con alta incidencia a la misma, via publica",DINAMICO,No consolidado,"34º40'20,09"" S 58º23'48,28"" O",5000,3000,0,0,MANTENIMIENTO,5/19/2010,7/6/2010,Relleno Sanitario,SANEADO SE ENCUENTRRA EN PROCESO DE MANTENIMIENTO-OBRA DE PAVIMENTACION,RSU,,,,,,BASURALES ERRADICADOS - ESPACIOS RECUPERADOS,Lanús,-34.672247222222225 -58.396744444444444,0,28,
30,San Jose I,Golondrinas y Baigorria,Temperley,Lomas de Zamora,Activo,"MICROBASURAL UBICADO ENTRE LA POBLACION CON ALTA INCIDENCIA A LA MISMA, VIA PUBLICA",Dinámico,"34º46'08,86"" S 58º21'56,35"" O",200,200,0,0,FINALIZADO,5/12/2010,6/16/2010,Relleno Sanitario,SANEADO POR EL MUNICIPIO SE ENCUENTRRA EN PROCESO DE MANTENIMIENTO-SE ENCUENTRA CON REPARACION DE ACCESO VEHICULAR,RSU,,,,,,BASURALES ERRADICADOS - ESPACIOS RECUPERADOS,Lomas de Zamora,-34.769127777777776 -58.365652777777775,0,29,
31,Frued,El Tala y S. Freud,Temperley,Lomas de Zamora,Activo,"MICROBASURAL UBICADO ENTRE LA POBLACION CON ALTA INCIDENCIA A LA MISMA, VIA PUBLICA",Dinámico,"34º45'33,92"" S 58º21'57,59""O",30,30,0,0,MANTENIMIENTO,5/19/2010,7/6/2010,Relleno Sanitario,SANEADO POR EL MUNICIPIO SE ENCUENTRRA EN PROCESO DE MANTENIMIENTO-SE ENCUENTRA CON REPARACION DE ACCESO VEHICULAR,RSU,,,,,,BASURALES ERRADICADOS - ESPACIOS RECUPERADOS,Lomas de Zamora,-34.75942222222222 -58.36599722222222,0,30,
32,Puente Claypole,Monteverde y Vias del Ferrocarril,Claypole,Alt. Brown,Controlado con cuatro contenedores,ESTATICO   INCLUIDO EN EL PLAN DE LIMPIEZA DE MICRO BASURALES EXP. Nº 582/09,No consolidado,"34º48'4,17"" S 58º19'43,1"" O",50,0,0,0,SITIO DE CONTROL,5/19/2010,7/6/2010,Relleno Sanitario,SANEADO POR EL MUNICIPIO SE ENCUENTRRA EN PROCESO DE MANTENIMIENTO. SE ENCUENTRA UN ECOPUNTO,RSU,,,,,,BASURALES ERRADICADOS - ESPACIOS RECUPERADOS,,-34.80115833333333 -58.32863888888889,0,31,1
33,Amat II,Amat interseccion Av. Pedro Suarez,Monte Grande,Esteban Echeverria,Activo ubicado sobre acceso vehicular,ESTATICO,No consolidado,"34º49'31,10""S 58º26'49,50""O",100,50,0,0.5,FINALIZADO,5/11/2010,6/16/2010,Relleno Sanitario,SANEADO SE ENCUENTRRA EN PROCESO DE MANTENIMIENTO-OBRA DE PAVIMENTACION,-0,,,,,,BASURALES ERRADICADOS - ESPACIOS RECUPERADOS,Esteban Echeverría,-34.82530555555556 -58.44708333333333,0,32,
1,Hospital Oñativia,Lavalle y L de Gomarra,Rafael Calzada,Almirante Brown,334.2 toneladas retiradas,CON ARROJO,No consolidado,34º 47' 24'' S  58º 21' 18'' W,700,130,15,30,FINALIZADO,1/29/2009,2/6/2009,CELDAS DE SEGURIDAD SEGÚN PLIEGO DE LIC. Nº 12/07 EXP. 3299/07,El sitio se encuentra custodiado con Ecopunto y vigilancia las 24 hs,RSU,,,,,,BASURALES ERRADICADOS - CON REINSERCION,Almirante Brown,-34.79 -58.355,0,33,1
2,Arroyo del Rey - Naciente,José Ingenieros (Camino de las Latas) y naciente de Aº del Rey,Longchamps,Almirante Brown,852.1 toneladas retiradas,CON REINCERSION,No consolidado,34º 52' 06'' S  58º 24' 28'' W,1000,300,360,380,FINALIZADO,7/1/2009,7/28/2009,CELDAS DE SEGURIDAD SEGÚN PLIEGO DE LIC. Nº 12/07 EXP. 3299/07,El Sitio se encuenbtra con mantenimiento por parte del Municipio,RSU,,,,,,BASURALES ERRADICADOS - CON REINSERCION,Almirante Brown,-34.86833333333333 -58.40777777777778,0,34,1
3,Hogar Israelita Argentino,Avda Rca Argentina y Hugo del Carril,Burzaco,Almirante Brown,5904.25 toneladas retiradas,CON ARROJO,Consolidado,34º 49' 48'' S  58º 21' 50'' W,1500,100,60,50,FINALIZADO,2/16/2009,6/29/2009,CELDAS DE SEGURIDAD SEGÚN PLIEGO DE LIC. Nº 12/07 EXP. 3299/07,El sitio se encuentra custodiado con Ecopunto y vigilancia las 24 hs,RSU,,,,,,BASURALES ERRADICADOS - CON REINSERCION,Almirante Brown,-34.83 -58.36388888888889,0,35,1
4,Arroyo del Rey - Puente,"Calle Prieto y Coligue, sobre el arroyo del rey y puente peatonal.",Malvinas Argentinas,Alte. Brown,256.3 toneladas retiradas,ESTATICO,No consolidado,"34º49'21,76""S 58º24'33,57""O",100,35,15,50,FINALIZADO,11/14/2008,1/18/2009,Relleno Sanitario,El Sitio se encuenbtra con mantenimiento por parte del Municipio,RSU,,,,,,BASURALES ERRADICADOS - CON REINSERCION,,-34.82271111111111 -58.409325,0,36,
5,Sarandí I,Calle Sarandí y Genova,Sarandí,Avellaneda,175.3 toneladas retiradas,ESTATICO,No consolidado,34º 40' 40'' S  58º 20' 15'' W,1000,30,15,15,FINALIZADO,12/18/2008,3/6/2009,Relleno Sanitario,El Sitio se encuenbtra con mantenimiento por parte del Municipio,RSU,,,,,,BASURALES ERRADICADOS - CON REINSERCION,Avellaneda,-34.67777777777778 -58.3375,0,37,1
6,Chiriguano,Chiriguano y Avila,Monte Grande,Esteban Echeverria,1717.36 toneladas retiradas,CON REINCERSION,Consolidado,"34º 51' 38,34'' S  58º 27' 33,70'' W",25000,12000,13500,14200,-0,8/5/2009,10/25/2009,CELDAS DE SEGURIDAD SEGÚN PLIEGO DE LIC. Nº 12/07 EXP. 3299/07,LA OBRA SE EJECUTO EN UNA PRIMERA ETAPA PARA EL RETIRO DE RESIDUOS PELIGROSOS A LA ESPERA DE UNA SEGUNDA ETAPA FINAL,RSU,,,,,,BASURALES ERRADICADOS - CON REINSERCION,Esteban Echeverría,-34.86065 -58.459361111111114,0,38,
7,9 DE ABRIL,LA ILIADA Y ARISTOTELES,9 DE ABRIL,Esteban Echeverria,85.84 toneladas retiradas,ERREDICADO,No consolidado,"34º44'22,49""S 58º29'28,87""O",300,10,6,15,FINALIZADO,7/30/2009,7/31/2009,CELDAS DE SEGURIDAD SEGÚN PLIEGO DE LIC. Nº 12/07 EXP. 3299/07,El Sitio se encuenbtra con mantenimiento por parte del Municipio,RSU,,,,,,BASURALES ERRADICADOS - CON REINSERCION,Esteban Echeverría,-34.739580555555555 -58.49135277777778,0,39,
28,Camino Negro D,Camino  Negro (Juan XIII) Y Bouchardo (en la curva),Banfield,Lomas de Zamora,Dinamico,"MICROBASURAL UBICADO ENTRE LA POBLACION CON ALTA INCIDENCIA A LA MISMA, VIA PUBLICA",Dinámico,"34º44'14,03""S 58º26'05,13""O",200,200,10,10,,,,,SANEADO POR EL MUNICIPIO SE ENCUENTRRA EN PROCESO DE MANTENIMIENTO-,,80,0,20,0,0,BASURALES SANEADOS CON MANTENIMIENTO,Lomas de Zamora,-34.737230555555556 -58.434758333333335,0,80,
29,Camino Negro C,Camino  Negro (Juan XIII) Franklin y Rodriguez,Banfield,Lomas de Zamora,Dinamico,"MICROBASURAL UBICADO ENTRE LA POBLACION CON ALTA INCIDENCIA A LA MISMA, VIA PUBLICA",Dinámico,"34º43'30,72"" S 58º26'38,10""O",300,300,40,70,,,,,SANEADO POR EL MUNICIPIO SE ENCUENTRRA EN PROCESO DE MANTENIMIENTO-,,80,0,20,0,0,BASURALES SANEADOS CON MANTENIMIENTO,Lomas de Zamora,-34.7252 -58.44391666666667,0,81,
30,Bº Gral. Paz,La Haya y Camino Negro,Ing. Budge,Lomas de Zamora,Dinamico,"MICROBASURAL UBICADO ENTRE LA POBLACION CON ALTA INCIDENCIA A LA MISMA, VIA PUBLICA",Dinámico,"34º 45' 05,18"" S 58º 26' 10,23"" O",700,700,15,15,,,,,SANEADO POR EL MUNICIPIO SE ENCUENTRRA EN PROCESO DE MANTENIMIENTO-,,80,0,20,0,0,BASURALES SANEADOS CON MANTENIMIENTO,Lomas de Zamora,-34.75143888888889 -58.436175,0,82,
31,Santa Monica,Montes de Oca Y Bella Vista,Mariano Acosta,Merlo,Ubicado sobre acceso vehicular en zona periferica,DINAMICO  INCLUIDO EN EL PLAN DE LIMPIEZA DE MICRO BASURALES EXP. Nº 576/09,No consolidado,"34º43'02,07""S 58º42'32,34""O",100000,10000,0,0,,,,,SANEADO POR EL MUNICIPIO SE ENCUENTRRA EN PROCESO DE MANTENIMIENTO-,,0,0,0,0,0,BASURALES SANEADOS CON MANTENIMIENTO,Merlo,-34.717241666666666 -58.708983333333336,0,83,1
32,BARRIO MARINA,Hortiguera interseccion Int. Valdes,Merlo Gomez,Moron,Ubicado sobre predio privado,DINAMICO   INCLUIDO EN EL PLAN DE LIMPIEZA DE MICRO BASURALES EXP. Nº 575/09,Consolidado,"34º42'13,02""S  58º39'57,11""O",2500,2500,1,1,,,,,SANEADO POR EL MUNICIPIO SE ENCUENTRRA EN PROCESO DE MANTENIMIENTO-,,0,0,0,0,0,BASURALES SANEADOS CON MANTENIMIENTO,Morón,-34.70361666666667 -58.665863888888886,0,84,1
33,Puente 12,Pte. 12 y Camino de Cintura entre Richieri y Rio Matanza,Tapiales,La Matanza,Dinamico,INCLUIDO EN EL PLAN DE LIMPIEZA DE MICRO BASURALES EXP. Nº 579/09,No consolidado,"34º43'32,79""S 58º30'35,79""O",12000,300,15,10,,,,,SANEADO POR EL MUNICIPIO SE ENCUENTRRA EN PROCESO DE MANTENIMIENTO-,,0,0,0,0,0,BASURALES SANEADOS CON MANTENIMIENTO,La Matanza,-34.725775 -58.50994166666667,0,85,1
34,Arroyo Ortega I,Fair y Aº Ortega,Monte Grande,Esteban Echeverría,Residuos acumulados sobre la margen y cauce del arroyo,DINAMICO  INCLUIDO EN EL PLAN DE LIMPIEZA DE MICRO BASURALES EXP. Nº 580/09,No consolidado,"34º48'49,07"" S 58º29'56,80"" O",75000,100,15,20,,,,,"SANEADO, INCLUIDO EN EL PROYECTO DE CONVENIO ENTRE MUNICIPIO Y AYSA",,0,0,0,0,0,BASURALES SANEADOS CON MANTENIMIENTO,Esteban Echeverría,-34.813630555555555 -58.49911111111111,0,86,
1,Cañuelas,Calle Sta. Cruz interseccion Ruta Pvcial. 6,Cañuelas,Cañuelas,Basural municipal,ACTIVO  CONSOLIDADO,Consolidado,"35º02'06,23""S 58º42'46,98""O",50000,30000,151400,152000,,,,,Predio utilizado por el Municipio para relleno sanitario,,70,5,20,0,5,MACRO BASURALES MINICIPALES CUENCA ALTA,Cañuelas,-35.03506388888889 -58.71305,0,87,
2,Las Heras,Acceso Int. R. Pedrayes a 500 de la calle F. Valerga y Necochea,Las Heras,Las Heras,Basural municipal,ACTIVO CONSOLIDADO,Consolidado,"34º 56' 33,72'' S  58º 55' 26,39'' O",150000,80000,190000,192000,,,,,Predio utilizado por el Municipio para relleno sanitario,,90,5,0,0,5,MACRO BASURALES MINICIPALES CUENCA ALTA,Las Heras,-34.9427 -58.92399722222222,0,88,
3,Marcos Paz,calle  Acceso Zabala intersección del Arroyo El Martillo y Arroyo Morales,Marcos Paz,Marcos Paz,Basural municipal,ACTIVO / CONSOLIDADO,Consolidado,"34º 50' 16,17” S     58º 50' 08,62” O",35000,35000,49000,49600,,,,,Predio utilizado por el Municipio para relleno sanitario,,90,5,5,0,0,MACRO BASURALES MINICIPALES CUENCA ALTA,Marcos Paz,-34.837825 -58.83572777777778,0,89,
4,San Vicente,Ruta Prov. 58 y Calle 20 de Junio,San Vicente,San Vicente,Basural municipal,ACTIVO CONSOLIDADO,Consolidado,"35º03'01,05""S 58º26'44,32""O",50000,30000,42000,42000,,,,,Predio utilizado por el Municipio para relleno sanitario,,60,10,25,5,0,MACRO BASURALES MINICIPALES CUENCA ALTA,San Vicente,-35.050291666666666 -58.44564444444445,0,90,
1,Fabricaciones Militares,Carlos Pellegrini (Camino de la Rivera) entre Coronel Osorio y Emilio Castro.,Lanús Oeste,Lanús,Predio privado /regenteado,UTILIZADO POR EL MUNICIPIO PARA LA DISPOSICION DE ARIDOS Y PODA,Consolidado,34º 40' 41'' S  58º 26' 15 W,270000,90000,15000,15000,,,,,Predio utilizado por el Municipio para verdes y aridos,,20,0,30,0,50,MACRO BASURALES CON MAS DE 15000 M3 CON RESIDUOS SOLIDOS URBANOS,Lanús,-34.67805555555555 -58.4375,0,91,
2,Galasso,Camino de la Ribera Sur,Villa Fiorito,Lomas de Zamora,Predio privado /regenteado,ACTIVO CONSOLIDADO,Consolidado,"34º 42' 12,32'' S  58º 27' 02,50'' W",180000,100000,20000,20000,,,,,Predio utilizado para acopio de aridos,,20,5,0,0,75,MACRO BASURALES CON MAS DE 15000 M3 CON RESIDUOS SOLIDOS URBANOS,Lomas de Zamora,-34.70342222222222 -58.450694444444444,0,92,
3,Merlo D,Triunvirato interseccion Yegros,Libertad,Merlo,Predio privado /regenteado los residuos fueron utilados como relleno,ESTATICO NO CONSOLIDADO CON ASENTAMIENTO,No consolidado con asentamiento,"34º42'31,66""S  58º41'02,61""O",60000,45000,33100,37000,,,,,Predio utilizado para acopio de aridos,,20,10,5,0,65,MACRO BASURALES CON MAS DE 15000 M3 CON RESIDUOS SOLIDOS URBANOS,Merlo,-34.70879444444444 -58.68405833333333,0,93,
1,La Cascotera,Calle Morse Sin Numero,Avellaneda,Avellaneda,Predio privado /regenteado,ACTIVO,Consolidado,34º 39' 54'' S  58º 20' 19'' W,50000,40000,15000,15000,,,,,SITIO INSPECCIONADO SIN HABILITACION,,20,10,0,0,70,BASURALES CON MAS DE 500 M3 CON RESIDUOS SOLIDOS URBANOS,Avellaneda,-34.665 -58.33861111111111,0,94,
2,Chiriguano,Chiriguano y Avila,Monte Grande,Esteban Echeverria,Ubicado sobre predio privado,ACTIVO-DINAMICO,Consolidado,"34º 51' 38,34'' S  58º 27' 33,70'' W",25000,12000,13500,14000,,,,,SITIO INSPECCIONADO SIN HABILITACION,,30,15,20,0,35,BASURALES CON MAS DE 500 M3 CON RESIDUOS SOLIDOS URBANOS,Esteban Echeverría,-34.86065 -58.459361111111114,0,95,
3,Arroyo Ortega,Calle Dolores y Arenales,Esteban Echeverría,Esteban Echeverría,Predio privado utilizado por el municipio para la disposicion de aridos y verdes.,ACTIVO,No consolidado,"34º50'48,10"" S 58º28'28,86"" O",250,250,700,750,,,,,SITIO INSPECCIONADO SIN HABILITACION CON CONTROL DEL MUNICIPIO,,20,0,30,0,50,BASURALES CON MAS DE 500 M3 CON RESIDUOS SOLIDOS URBANOS,Esteban Echeverría,-34.846694444444445 -58.47468333333333,0,96,1
4,Tristan Suarez I,Montevideo Y Vespucio,Tristan Suarez,Ezeiza,Regenteado por el municipio,ACTIVO / CONSOLIDADO,Consolidado,"34º55'02,65""S  58º33'43,70""O",100000,50000,4100,4500,,,,,SITIO INSPECCIONADO SIN HABILITACION CON CONTROL DEL MUNICIPIO,,60,5,15,0,20,BASURALES CON MAS DE 500 M3 CON RESIDUOS SOLIDOS URBANOS,Ezeiza,-34.91740277777778 -58.56213888888889,0,97,
5,La Tosquera,Vicente Blasco Hibañez entre Gral Rivas y Equiza,Gonzalez Catan,La Matanza,Predio privado sin cercar,ACTIVO - DINAMICO,No consolidado con asentamiento,"34º48'2,44""S 58º36'48,32""O",180000,60000,560,600,,,,,"SITIO INSPECCIONADO CAVA ANEGADA CN AGUA,PROFUNDIDAD DE 22 MTS",,100,0,0,0,0,BASURALES CON MAS DE 500 M3 CON RESIDUOS SOLIDOS URBANOS,La Matanza,-34.80067777777778 -58.61342222222222,0,98,
6,Mercado Central,Ramon Carrillo y Av. De Circunvalacion,Villa Celina,La Matanza,Predio privado /regenteado-trabajos de relleno con aridos,ACTIVO CONSOLIDADO,Consolidado,"34º42'28.38""S 58º28'07.68""O",300000,85000,8000,8000,,,,,"En el momento del control se observo camiones volcando, tareas de nivelacion de suelo y personas realizando tareas de cirujeo.",,15,0,10,0,75,BASURALES CON MAS DE 500 M3 CON RESIDUOS SOLIDOS URBANOS,La Matanza,-34.707883333333335 -58.4688,0,99,
8,Ruta 4 y Río Matanza,"Ruta 4 y Río Matanza, sobre la margen dcha del mismo",Villa Transradio,Esteban Echeverría,123.2 toneladas retiradas,CONTROL DE MARGENES,No consolidado,34º 44' 19'' S  58º 29' 49'' W,80,30,5,50,FINALIZADO,3/4/2009,7/8/2009,Relleno Sanitario,El Sitio se encuenbtra con mantenimiento por parte del Municipio,RSU,,,,,,BASURALES ERRADICADOS - CON REINSERCION,Esteban Echeverría,-34.73861111111111 -58.496944444444445,0,40,1
9,Rafael Castillo,Calle Oleedo entre Merou y Rio Cuarto,Rafael Castillo,La Matanza,4087.08 toneladas retiradas,ERREDICADO,Consolidado,34º 43' 01'' S  58º 38' 03'' W,15000,140,300,700,FINALIZADO,4/13/2009,6/29/2009,CELDAS DE SEGURIDAD SEGÚN PLIEGO DE LIC. Nº 12/07 EXP. 3299/07,El Sitio se encuenbtra con mantenimiento por parte del Municipio,RSU,,,,,,BASURALES ERRADICADOS - CON REINSERCION,La Matanza,-34.716944444444444 -58.634166666666665,0,41,1
10,Ruta Pcial. 21 A,"Antartida Argentina y Ruta Pcial 21,  margen del Aº Don Mario",Isidro Casanova,La Matanza,45.28 toneladas retiradas,CON REINCERSION,Consolidado,34º 44' 17'' S  58º 33' 51'' W,800,110,120,20,FINALIZADO,10/6/2009,10/20/2009,CELDAS DE SEGURIDAD SEGÚN PLIEGO DE LIC. Nº 12/07 EXP. 3299/07,El Sitio se encuenbtra con mantenimiento por parte del Municipio,RSU,,,,,,BASURALES ERRADICADOS - CON REINSERCION,La Matanza,-34.738055555555555 -58.564166666666665,0,42,
11,Don Juan A,Tuyu intersección Recuero,G. de la Laferrere,La Matanza,90.78 toneladas retiradas,CON REINCERSION,No consolidado con asentamiento,34º 46' 05'' S  58º 34' 34'' W,7000,50,85,90,FINALIZADO,9/29/2009,9/30/2009,CELDAS DE SEGURIDAD SEGÚN PLIEGO DE LIC. Nº 12/07 EXP. 3299/07,El Sitio se encuenbtra con mantenimiento por parte del Municipio,RSU,,,,,,BASURALES ERRADICADOS - CON REINSERCION,La Matanza,-34.768055555555556 -58.57611111111111,0,43,1
12,Calderón de La Barca I A (Foco 1),Calle Billingurth entre Cespedes y Doblas,Gonzales Catán,La Matanza,44.42 toneladas retiradas,CON ARROJO,Consolidado,34º 43' 56'' S  58º 39' 03'' W,5000,120,50,50,FINALIZADO,9/17/2009,9/22/2009,CELDAS DE SEGURIDAD SEGÚN PLIEGO DE LIC. Nº 12/07 EXP. 3299/07,Predio Privado con uso del dueño sin cercar,RSU,,,,,,BASURALES ERRADICADOS - CON REINSERCION,La Matanza,-34.73222222222222 -58.65083333333333,0,44,
13,Calderón de la Barca I B (foco 2),Calle Billingurth y Doblas,González Catán,La Matanza,115.7 toneladas retiradas,CON ARROJO,Consolidado,34º 43' 52'' S  58º 39' 06'' W,4000,100,40,40,FINALIZADO,9/18/2009,9/22/2009,CELDAS DE SEGURIDAD SEGÚN PLIEGO DE LIC. Nº 12/07 EXP. 3299/07,Predio Privado con uso del dueño sin cercar,RSU,,,,,,BASURALES ERRADICADOS - CON REINSERCION,La Matanza,-34.73111111111111 -58.651666666666664,0,45,
14,Calderón de La Barca II A (Foco 3),Calle Int. Federico P. Russo intersección Calle Lavalleja,Gonzales Catán,La Matanza,401.38 toneladas retiradas,CON ARROJO,Consolidado,34º 44' 15'' S  58º 38' 13'' W,3500,25,30,40,FINALIZADO,12/11/2008,12/19/2009,CELDAS DE SEGURIDAD SEGÚN PLIEGO DE LIC. Nº 12/07 EXP. 3299/07,Predio Privado con uso del dueño sin cercar,RSU,,,,,,BASURALES ERRADICADOS - CON REINSERCION,La Matanza,-34.7375 -58.636944444444445,0,46,1
15,Calderón de la Barca II B (foco 4),Calle Lavalleja entre Russo y Cespedes,González Catán,La Matanza,111.14 toneladas retiradas,CON ARROJO,Consolidado,34º 44' 28'' S  58º 38' 15'' W,3000,30,50,50,FINALIZADO,12/4/2008,12/18/2008,CELDAS DE SEGURIDAD SEGÚN PLIEGO DE LIC. Nº 12/07 EXP. 3299/07,Predio Privado con uso del dueño sin cercar,RSU,,,,,,BASURALES ERRADICADOS - CON REINSERCION,La Matanza,-34.74111111111111 -58.6375,0,47,1
16,Calderon de la Bara II C (foco 6),Calle Int. Federico P. Russo intersección Calle Lavalleja,Gonzalez Catán,La Matanza,33.02 toneladas retiradas,ERREDICADO,Consolidado,34º 44' 53'' S  58º 38' 41'' W,3000,0,0,15,FINALIZADO,12/19/2008,12/21/2008,CELDAS DE SEGURIDAD SEGÚN PLIEGO DE LIC. Nº 12/07 EXP. 3299/07,El Sitio se encuenbtra con mantenimiento por parte del Municipio,RSU,,,,,,BASURALES ERRADICADOS - CON REINSERCION,La Matanza,-34.74805555555555 -58.64472222222222,0,48,
17,Calderón de la Barca III (Foco 9),Calle Int. Federico P. Russo intersección Calle San Matías,Gonzales Catán,La Matanza,5011.4 toneladas retiradas,CON ARROJO,Consolidado con asentamiento,34º 43' 56'' S  58º 38' 38'' W,9500,120,50,60,FINALIZADO,6/18/2009,8/19/2009,CELDAS DE SEGURIDAD SEGÚN PLIEGO DE LIC. Nº 12/07 EXP. 3299/07,Predio Privado y cercado,RSU,,,,,,BASURALES ERRADICADOS - CON REINSERCION,La Matanza,-34.73222222222222 -58.64388888888889,0,49,
18,Isidro Casanova,"Calles Ushuaia, Watt, Edison y Torquinst (plano 119)",Isidro Casanova,La Matanza,102 toneladas retiradas,CON ARROJO,No consolidado,34º 43' 37'' S  58º 34' 45'' W,10000,70,20,200,FINALIZADO,11/4/2008,2/8/2008,Relleno Sanitario,El Sitio se encuenbtra con mantenimiento por parte del Municipio,RSU,,,,,,BASURALES ERRADICADOS - CON REINSERCION,La Matanza,-34.72694444444444 -58.579166666666666,0,50,
19,Puente Bosch,Cnel. Bosch y Carlos Pelegrini,Avellaneda,Avellaneda,Ubicado en el curso de agua y margen del rio,DINAMICO NO CONSOLIDADO,No consolidado,"34º 39' 27,30'' S  58º 22' 34,24'' W",2500,2500,1,20,FINALIZADO,1/7/2010,-0,Relleno Sanitario,"SANEADO, INCLUIDO EN EL PROYECTO DE CONVENIO ENTRE MUNICIPIO Y AYSA.SE ENCUENTRA CON MANTENIMIENTO",RSU,,,,,,BASURALES ERRADICADOS - CON REINSERCION,Avellaneda,-34.657583333333335 -58.37617777777778,0,51,
20,Bacara,Jean Jaures y Luzuriaga,Lanus,Lanus,Los residuos se encuentra dispersos sobre la via publica,INCLUIDO EN EL PLAN DE LIMPIEZA DE MICRO BASURALES EXP. Nº 578/09,No consolidado,"34º39'48,74""S 58º25'13,06""O",5000,2500,0,15,MANTENIMIENTO,4/12/2010,6/9/2010,Relleno Sanitario,SANEADO POR EL MUNICIPIO SE ENCUENTRRA EN PROCESO DE MANTENIMIENTO-,RSU,,,,,,BASURALES ERRADICADOS - CON REINSERCION,Lanús,-34.66353888888889 -58.420294444444444,0,52,
1,Barrio San Pedro,Av. Monteverde al 2700 entre M.Diomede y J.M.Prieto,Burzaco,Almirante Brown,Sin residuos de vuelco contenido con ecopunto,ESTATICO   INCLUIDO EN EL PLAN DE LIMPIEZA DE MICRO BASURALES EXP. Nº 582/09,No consolidado,"34º 49' 36,56'' S  58º 25' 08,07'' W",10000,0,15,10,,,,,SANEADO POR EL MUNICIPIO SE ENCUENTRRA EN PROCESO DE MANTENIMIENTO-,,0,0,0,0,0,BASURALES SANEADOS CON MANTENIMIENTO,Almirante Brown,-34.82682222222222 -58.418908333333334,0,53,1
2,Barrio San José C,Intersección calle la Torcasa y calle Mitre,San Jose,Almirante Brown,"Ubicado entre la poblacion con alta incidencia a la misma, sobre via publica",DINAMICO   INCLUIDO EN EL PLAN DE LIMPIEZA DE MICRO BASURALES EXP. Nº 582/09,No consolidado,"34º46´06,05 S 58º20¨29,57"" O",300,300,40,5,,,,,SANEADO POR EL MUNICIPIO SE ENCUENTRRA EN PROCESO DE MANTENIMIENTO-,,80,0,10,0,10,BASURALES SANEADOS CON MANTENIMIENTO,Almirante Brown,-34.768347222222225 -58.341547222222225,0,54,
3,Barrio San Jose B,El Picaflor y Bouchard,Barrio San Jose,Almirante Brown,En proceso de limpieza por parte del municipio,ESTATICO   INCLUIDO EN EL PLAN DE LIMPIEZA DE MICRO BASURALES EXP. Nº 582/09,Consolidado con asentamiento,"35º 46' 24,18'' S  58º 20' 20,25'' W",500,500,20,30,,,,,"SANEADO POR EL MUNICIPIO SE ENCUENTRRA EN PROCESO DE MANTENIMIENTO-Tn retiradas 430,5",,20,0,0,0,80,BASURALES SANEADOS CON MANTENIMIENTO,Almirante Brown,-35.773383333333335 -58.33895833333333,0,55,
4,Camino de Las Latas,intersec. Calle Int. E. Carmona y Av. Argentina,Longchamps,Almirante Brown,"Ubicado entre la poblacion con alta incidencia a la misma, via publica",DINAMICO   INCLUIDO EN EL PLAN DE LIMPIEZA DE MICRO BASURALES EXP. Nº 582/09,No consolidado,"34º 51' 39,74'' S  58º 24' 22,74'' W",4000,4000,280,300,,,,,SANEADO POR EL MUNICIPIO SE ENCUENTRRA EN PROCESO DE MANTENIMIENTO-,,40,0,10,0,50,BASURALES SANEADOS CON MANTENIMIENTO,Almirante Brown,-34.86103888888889 -58.40631666666667,0,56,
5,Espora I,Av. Espora entre Yapeyu y Juan B. Justo,Longchamps,Almirante Brown,Predio con predominiode rsu ubicado en zona periferica,ESTATICO   INCLUIDO EN EL PLAN DE LIMPIEZA DE MICRO BASURALES EXP. Nº 582/09,No consolidado,"34º51'46,36""S 58ª21'48,03""O",250,250,220,260,,,,,SANEADO POR EL MUNICIPIO SE ENCUENTRRA EN PROCESO DE MANTENIMIENTO-,,100,0,0,0,0,BASURALES SANEADOS CON MANTENIMIENTO,Almirante Brown,-34.862877777777776 -58.36334166666666,0,57,
6,Espora II,Av. Espora interseccion Ribera,Longchamps,Almirante Brown,Ubicado en la via publica,ACTIVO-DINAMICO,Consolidado,"34º52'14,80""S 58ª21'23,71""O",250,200,250,210,,,,,SANEADO POR EL MUNICIPIO SE ENCUENTRRA EN PROCESO DE MANTENIMIENTO-,,70,0,20,0,10,BASURALES SANEADOS CON MANTENIMIENTO,Almirante Brown,-34.870777777777775 -58.35658611111111,0,58,1
7,Club Aleman,Ingenieros y Arenales,Burzaco,Almirante Brown,Predio privado,DINAMICO   INCLUIDO EN EL PLAN DE LIMPIEZA DE MICRO BASURALES EXP. Nº 582/09,No consolidado,"34º50'13,26""S 58º26'9,39"" O",35000,150,10,15,,,,,SANEADO POR EL MUNICIPIO SE ENCUENTRRA EN PROCESO DE MANTENIMIENTO-,,20,0,0,0,80,BASURALES SANEADOS CON MANTENIMIENTO,Almirante Brown,-34.83701666666666 -58.435941666666665,0,59,
7,Bueras,Calle Bueras y Madariaga,Parque Ind. Lanus,Lanus,Predio privado /regenteado,ESTATICO  CONSOLIDADO,Consolidado,34º 42' 29'' S  58º 21' 43'' W,30000,20000,1000,900,,,,,En el momento del control se estaban retirando los residuos existentes en este sitio.,,20,0,10,0,70,BASURALES CON MAS DE 500 M3 CON RESIDUOS SOLIDOS URBANOS,Lanús,-34.70805555555555 -58.36194444444445,0,100,1
8,Velódromo de Lanús,ex vias del F.C Gral Roca y calle Gral Ferre,Remedios de escalada,Lanús,Rellenos de aridos predio privado,ESTATICO,Consolidado,"34º 42' 53,01'' S  58º 23' 27,98'' W",30000,20000,6,60,,,,,RELLENO DE ARIDOS Y RESIDUOS,,15,0,0,0,85,BASURALES CON MAS DE 500 M3 CON RESIDUOS SOLIDOS URBANOS,Lanús,-34.714725 -58.391105555555555,0,101,1
9,Otamendi,Otamendi al 1300 intersección Virrey Liniers,Valentín Alsina,Lanús,Predio privado /regenteado,ESTATICO   INCLUIDO EN EL PLAN DE LIMPIEZA DE MICRO BASURALES EXP. Nº 578/09,Consolidado,34º 40' 03'' S  58º 25' 15'' W,30000,25000,6000,6300,,,,,"Se observo la elevacion del nivel de suelo en aproximadamente 7,60mts, producto del relleno que se efectuo con los residuos.",,20,0,0,0,80,BASURALES CON MAS DE 500 M3 CON RESIDUOS SOLIDOS URBANOS,Lanús,-34.6675 -58.420833333333334,0,102,1
10,Don Bartolome,Camino de la Ribera Sur y cauce viejo Rio Matanza,Ing. Budge,Lomas de Zamora,Predio privado /regenteado los residuos fueron utilados como relleno,ACTIVO,Consolidado,"34º 43' 52,12'' S  58º 29' 13,37'' W",20000,10000,620,600,,,,,RELLENO DE ARIDOS Y RESIDUOS,,50,10,15,0,25,BASURALES CON MAS DE 500 M3 CON RESIDUOS SOLIDOS URBANOS,Lomas de Zamora,-34.731144444444446 -58.48704722222222,0,103,1
11,Cava Santa Catalina,Calle Juan XXIII  al 4000,Santa Catalina,Lomas de Zamora,Predio privado /regenteado los residuos fueron utilados como relleno,ESTATICO,Consolidado,"34º 46' 39,11''S   58º 27' 01,87'' W",30000,30000,3700,3700,,,,,-0,,30,1,19,0,50,BASURALES CON MAS DE 500 M3 CON RESIDUOS SOLIDOS URBANOS,Lomas de Zamora,-34.77753055555556 -58.450519444444446,0,104,
12,Merlo E,Tilcara entre Luis Campos y Gavilan,Ferrari,Merlo,Ubicado sobre predio privado/relleno con aridos,DINAMICO NO CONSOLIDADO,No consolidado,"34º42'50,38""S  58º43'19,70""O",2000,1000,720,720,,,,,-0,,90,0,10,0,0,BASURALES CON MAS DE 500 M3 CON RESIDUOS SOLIDOS URBANOS,Merlo,-34.713994444444445 -58.72213888888889,0,105,
